{"cameraMode":{"drawMode":0,"name":"Shaded","section":"Shading Mode"},"sceneLighting":true,"audioPlay":false,"sceneViewState":{"m_AlwaysRefresh":false,"showFog":true,"showSkybox":true,"showFlares":true,"showImageEffects":true,"showParticleSystems":true,"showVisualEffectGraphs":true,"m_FxEnabled":true},"in2DMode":false,"pivot":{"x":-9.490641593933106,"y":-14.791311264038086,"z":10.570907592773438},"rotation":{"x":-0.289436936378479,"y":0.03262971341609955,"z":-0.009877198375761509,"w":-0.9566079378128052},"size":18.160907745361329,"orthographic":false}