{"cameraMode":{"drawMode":0,"name":"Shaded","section":"Shading Mode"},"sceneLighting":false,"audioPlay":false,"sceneViewState":{"m_AlwaysRefresh":false,"showFog":true,"showSkybox":false,"showFlares":true,"showImageEffects":true,"showParticleSystems":true,"showVisualEffectGraphs":true,"m_FxEnabled":true},"in2DMode":false,"pivot":{"x":2.9802322387695315e-8,"y":-0.025809787213802339,"z":-0.7179347276687622},"rotation":{"x":-0.05826117843389511,"y":0.8983199596405029,"z":-0.1255078762769699,"w":-0.41710934042930605},"size":1.1339502334594727,"orthographic":false}